AwesomeString.java;file
CacculatoProfi.java;file
CalcProj (2).java;file
Calculator2.java;file
Cat.java;file
ConsoleDirectoryScanner.java;file
Cplus.java;file
CsvDirectoryScanner.java;file
DirectoryScanner.java;file
Dz1.java;file
Dz11.java;file
Dz12.java;file
Dz13.java;file
Dz14.java;file
Dz15.java;file
Dz16.java;file
Dz17_OOP.java;file
Dz18.java;file
Dz19_This.java;file
Dz2.java;file
Dz20.java;file
Dz21.java;file
Dz22.java;file
Dz23.java;file
Dz24.java;file
Dz26;directory
Dz27;directory
Dz28;directory
Dz29;directory
Dz3.java;file
Dz30.java;file
Dz31.java;file
Dz32.java;file
Dz33.java;file
Dz34.java;file
Dz35;directory
Dz36.java;file
Dz37.java;file
Dz4.java;file
Dz5.java;file
Dz6.java;file
Dz7.java;file
Dz8.java;file
Dz9.java;file
Example.java;file
ExampleClass.java;file
ExampleDefaultValues.java;file
FileInformation.java;file
Java.java;file
KrestikiNoliki.java;file
LimitedAwesomeString.java;file
Masiv2.java;file
Massiv.java;file
MyClass26xO;directory
MyClass27Inheritance;directory
MyClassInterface;directory
MySecondClass.java;file
MySecondClass2.java;file
OperatingSystem_Dz17.java;file
poiskMasiv.java;file
Printer.java;file
PrintetThis.java;file
sdas.java;file
SecondClass29;directory
SomeFunctions.java;file
Test;directory
TextFileDirectoryScanner.java;file
ThirdClass.java;file
University.java;file
WrongWordsCountException.java;file
Тест.java;file
